"Где живут эмоции? Практические задания для развития эмоционального интеллекта",https://www.knizka.pl/environment/cache/images/500_500_productGfx_43321/%D0%93%D0%B4%D0%B5-%D0%B6%D0%B8%D0%B2%D1%83%D1%82-%D1%8D%D0%BC%D0%BE%D1%86%D0%B8%D0%B8-%D0%9F%D1%80%D0%B0%D0%BA%D1%82%D0%B8%D1%87%D0%B5%D1%81%D0%BA%D0%B8%D0%B5-%D0%B7%D0%B0%D0%B4%D0%B0%D0%BD%D0%B8%D1%8F-%D0%B4%D0%BB%D1%8F-%D1%80%D0%B0%D0%B7%D0%B2%D0%B8%D1%82%D0%B8%D1%8F-%D1%8D%D0%BC%D0%BE%D1%86%D0%B8%D0%BE%D0%BD%D0%B0%D0%BB%D1%8C%D0%BD%D0%BE%D0%B3%D0%BE-%D0%B8%D0%BD%D1%82%D0%B5%D0%BB%D0%BB%D0%B5%D0%BA%D1%82%D0%B0.jpg,"120,00 zł","книга под заказ"
"Азбука на магнитах",https://www.knizka.pl/environment/cache/images/500_500_productGfx_6cd04ad8c051146ddf1e8d8f4cb4186c.jpg,"14,00 zł","книга под заказ"
"Баранкин, будь человеком!",https://www.knizka.pl/environment/cache/images/500_500_productGfx_8779/1.jpg,"37,00 zł","книга под заказ"
"Ведьмочка Винни и её новый кот",https://www.knizka.pl/environment/cache/images/500_500_productGfx_120199/%D0%92%D0%B5%D0%B4%D1%8C%D0%BC%D0%BE%D1%87%D0%BA%D0%B0-%D0%92%D0%B8%D0%BD%D0%BD%D0%B8-%D0%B8-%D0%B5%D1%91-%D0%BD%D0%BE%D0%B2%D1%8B%D0%B9-%D0%BA%D0%BE%D1%82.jpg,"53,00 zł","есть в наличии"
"Ведьмочка Винни и праздник для великана",https://www.knizka.pl/environment/cache/images/500_500_productGfx_122867/%D0%92%D0%B5%D0%B4%D1%8C%D0%BC%D0%BE%D1%87%D0%BA%D0%B0-%D0%92%D0%B8%D0%BD%D0%BD%D0%B8-%D0%B8-%D0%BF%D1%80%D0%B0%D0%B7%D0%B4%D0%BD%D0%B8%D0%BA-%D0%B4%D0%BB%D1%8F-%D0%B2%D0%B5%D0%BB%D0%B8%D0%BA%D0%B0%D0%BD%D0%B0.jpg,"53,00 zł","есть в наличии"
"Всё о Мэри Поппинс",https://www.knizka.pl/environment/cache/images/500_500_productGfx_a28bc017f9caca3a00689e60370a5dfa.jpg,"83,00 zł","книга под заказ"
"Дневник Слабака-6. Предпраздничная лихорадка",https://www.knizka.pl/environment/cache/images/500_500_productGfx_43438/%D0%94%D0%BD%D0%B5%D0%B2%D0%BD%D0%B8%D0%BA-%D0%A1%D0%BB%D0%B0%D0%B1%D0%B0%D0%BA%D0%B0-6.-%D0%9F%D1%80%D0%B5%D0%B4%D0%BF%D1%80%D0%B0%D0%B7%D0%B4%D0%BD%D0%B8%D1%87%D0%BD%D0%B0%D1%8F-%D0%BB%D0%B8%D1%85%D0%BE%D1%80%D0%B0%D0%B4%D0%BA%D0%B0.jpg,"52,00 zł","есть в наличии"
Зог,https://www.knizka.pl/environment/cache/images/500_500_productGfx_79889dd572651b7795759ee88a3343db.jpg,"53,00 zł","есть в наличии"
"Круэлла де Виль. Графический роман",https://www.knizka.pl/environment/cache/images/500_500_productGfx_151354/%D0%9A%D1%80%D1%83%D1%8D%D0%BB%D0%BB%D0%B0-%D0%B4%D0%B5-%D0%92%D0%B8%D0%BB%D1%8C.-%D0%93%D1%80%D0%B0%D1%84%D0%B8%D1%87%D0%B5%D1%81%D0%BA%D0%B8%D0%B9-%D1%80%D0%BE%D0%BC%D0%B0%D0%BD.jpg,"70,00 zł","есть в наличии"
"Мама, что такое любовь? Сказка",https://www.knizka.pl/environment/cache/images/500_500_productGfx_0f43e99d670e2f8f5fc97b14e0455173.jpg,"44,00 zł","есть в наличии"
"Молочный зуб дракона Тишки",https://www.knizka.pl/environment/cache/images/500_500_productGfx_136755/%D0%9C%D0%BE%D0%BB%D0%BE%D1%87%D0%BD%D1%8B%D0%B8-%D0%B7%D1%83%D0%B1-%D0%B4%D1%80%D0%B0%D0%BA%D0%BE%D0%BD%D0%B0-%D0%A2%D0%B8%D1%88%D0%BA%D0%B8.webp,"52,00 zł","есть в наличии"
"Мулле Мек строит дом",https://www.knizka.pl/environment/cache/images/500_500_productGfx_16430/Screenshot_2020-10-31-%D0%9A%D1%83%D0%BF%D0%B8%D1%82%D0%B8-%D0%BA%D0%BD%D0%B8%D0%B3%D1%83-%D0%9C%D1%83%D0%BB%D0%BB%D0%B5-%D0%9C%D0%B5%D0%BA-%D1%81%D1%82%D1%80%D0%BE%D0%B8%D1%82-%D0%B4%D0%BE%D0%BC-978-5-00041-007-3-%D0%B2-%D0%9A%D0%B8%D1%94%D0%B2%D1%96%2C-%D0%A3%D0%BA%D1%80%D0%B0%D1%96%D0%BD%D1%96---%D1%86%D1%96%D0%BD%D0%B0-%D0%B2-%D1%96%D0%BD%D1%82%D0%B5%D1%80%D0%BD%D0%B5%D1%82-%D0%BC%D0%B0%D0%B3%D0%B0%D0%B7%D0%B8%D0%BD%D1%96-%D0%90%D0%BA%D0%BE%D0%BD%D1%96....jpg,"67,00 zł","есть в наличии"
"Нейротренажер. Тренажер для развития способностей",https://www.knizka.pl/environment/cache/images/500_500_productGfx_16205/1.jpg,"77,00 zł","есть в наличии"
"Полное руководство по режиму выживания в Minecraft",https://www.knizka.pl/environment/cache/images/500_500_productGfx_152255/%D0%9F%D0%BE%D0%BB%D0%BD%D0%BE%D0%B5-%D1%80%D1%83%D0%BA%D0%BE%D0%B2%D0%BE%D0%B4%D1%81%D1%82%D0%B2%D0%BE-%D0%BF%D0%BE-%D1%80%D0%B5%D0%B6%D0%B8%D0%BC%D1%83-%D0%B2%D1%8B%D0%B6%D0%B8%D0%B2%D0%B0%D0%BD%D0%B8%D1%8F-%D0%B2-Minecraft.jpg,"58,00 zł","книга под заказ"
"Последние подростки на Земле",https://www.knizka.pl/environment/cache/images/500_500_productGfx_6080/1.jpg,"45,00 zł","есть в наличии"
"Рождество в домике Петсона",https://www.knizka.pl/environment/cache/images/500_500_productGfx_d5ae764a1b0e85886a9b3335b73eb170.jpg,"60,00 zł","есть в наличии"
"С. Маршак. Большая книга стихов и сказок",https://www.knizka.pl/environment/cache/images/500_500_productGfx_174109/%D0%A1.-%D0%9C%D0%B0%D1%80%D1%88%D0%B0%D0%BA.-%D0%91%D0%BE%D0%BB%D1%8C%D1%88%D0%B0%D1%8F-%D0%BA%D0%BD%D0%B8%D0%B3%D0%B0-%D1%81%D1%82%D0%B8%D1%85%D0%BE%D0%B2-%D0%B8-%D1%81%D0%BA%D0%B0%D0%B7%D0%BE%D0%BA.jpg,"149,00 zł","книга под заказ"
"Удивительное путешествие кролика Эдварда",https://www.knizka.pl/environment/cache/images/500_500_productGfx_7d457a761ff07aa4981c792db269abfb.jpg,"69,00 zł","книга под заказ"
"Щелкунчик и Мышиный король (ил. М. Фёдорова)",https://www.knizka.pl/environment/cache/images/500_500_productGfx_8123/cover1__w600.jpg,"47,00 zł","есть в наличии"
"Книжки в кармашке ( комплект из 4 книг). Аксель Шеффлер",https://www.knizka.pl/environment/cache/images/500_500_productGfx_135363/%D0%9A%D0%BD%D0%B8%D0%B6%D0%BA%D0%B8-%D0%B2-%D0%BA%D0%B0%D1%80%D0%BC%D0%B0%D1%88%D0%BA%D0%B5--%D0%BA%D0%BE%D0%BC%D0%BF%D0%BB%D0%B5%D0%BA%D1%82-%D0%B8%D0%B7-4-%D0%BA%D0%BD%D0%B8%D0%B3.webp,"83,00 zł","есть в наличии"
"Автомобили (Энциклопедия для детского сада).",https://www.knizka.pl/environment/cache/images/500_500_productGfx_14046/1.jpg,"20,00 zł","книга под заказ"
"L.O.L. Surprise. Раскраска (голубая)",https://www.knizka.pl/environment/cache/images/500_500_productGfx_108923/L.O.L.-Surprise.-%D0%A0%D0%B0%D1%81%D0%BA%D1%80%D0%B0%D1%81%D0%BA%D0%B0-%D0%B3%D0%BE%D0%BB%D1%83%D0%B1%D0%B0%D1%8F.jpg,"11,00 zł","есть в наличии"
"One Piece. Большой куш. Кн.4",https://www.knizka.pl/environment/cache/images/500_500_productGfx_79610/One-Piece.-%D0%91%D0%BE%D0%BB%D1%8C%D1%88%D0%BE%D0%B9-%D0%BA%D1%83%D1%88.-%D0%9A%D0%BD.4.jpg,"107,00 zł","есть в наличии"
"Агата Мистери. Опасный круиз",https://www.knizka.pl/environment/cache/images/500_500_productGfx_107939/%D0%90%D0%B3%D0%B0%D1%82%D0%B0-%D0%9C%D0%B8%D1%81%D1%82%D0%B5%D1%80%D0%B8.-%D0%9E%D0%BF%D0%B0%D1%81%D0%BD%D1%8B%D0%B9-%D0%BA%D1%80%D1%83%D0%B8%D0%B7.jpg,"28,00 zł","книга под заказ"
"АзбукаКлассика-м Шмитт Э.-Э. Оскар и Розовая Дама, (Азбука,АзбукаАттикус, 2015), Обл, c.320",https://www.knizka.pl/environment/cache/images/500_500_productGfx_63440/%D0%90%D0%B7%D0%B1%D1%83%D0%BA%D0%B0%D0%9A%D0%BB%D0%B0%D1%81%D1%81%D0%B8%D0%BA%D0%B0-%D0%BC-%D0%A8%D0%BC%D0%B8%D1%82%D1%82-%D0%AD.-%D0%AD.-%D0%9E%D1%81%D0%BA%D0%B0%D1%80-%D0%B8-%D0%A0%D0%BE%D0%B7%D0%BE%D0%B2%D0%B0%D1%8F-%D0%94%D0%B0%D0%BC%D0%B0%2C-%D0%90%D0%B7%D0%B1%D1%83%D0%BA%D0%B0%2C%D0%90%D0%B7%D0%B1%D1%83%D0%BA%D0%B0%D0%90%D1%82%D1%82%D0%B8%D0%BA%D1%83%D1%81%2C-2015%2C-%D0%9E%D0%B1%D0%BB%2C-c.320.jpg,"27,00 zł","есть в наличии"
"Алиса в стране чудес. Графический роман",https://www.knizka.pl/environment/cache/images/500_500_productGfx_196602/%D0%90%D0%BB%D0%B8%D1%81%D0%B0-%D0%B2-%D1%81%D1%82%D1%80%D0%B0%D0%BD%D0%B5-%D1%87%D1%83%D0%B4%D0%B5%D1%81.-%D0%93%D1%80%D0%B0%D1%84%D0%B8%D1%87%D0%B5%D1%81%D0%BA%D0%B8%D0%B9-%D1%80%D0%BE%D0%BC%D0%B0%D0%BD.jpg,"68,00 zł","есть в наличии"
"Ау-у! Где ты, Прекрасный принц?",https://www.knizka.pl/environment/cache/images/500_500_productGfx_181298/%D0%90%D1%83-%D1%83-%D0%93%D0%B4%D0%B5-%D1%82%D1%8B%2C-%D0%9F%D1%80%D0%B5%D0%BA%D1%80%D0%B0%D1%81%D0%BD%D1%8B%D0%B9-%D0%BF%D1%80%D0%B8%D0%BD%D1%86.jpg,"49,00 zł","есть в наличии"
"Божья коровка в городе",https://www.knizka.pl/environment/cache/images/500_500_productGfx_95134/%D0%91%D0%BE%D0%B6%D1%8C%D1%8F-%D0%BA%D0%BE%D1%80%D0%BE%D0%B2%D0%BA%D0%B0-%D0%B2-%D0%B3%D0%BE%D1%80%D0%BE%D0%B4%D0%B5.jpg,"46,00 zł","есть в наличии"
"Большая книга приключений Конни: Детский сад",https://www.knizka.pl/environment/cache/images/500_500_productGfx_193683/%D0%91%D0%BE%D0%BB%D1%8C%D1%88%D0%B0%D1%8F-%D0%BA%D0%BD%D0%B8%D0%B3%D0%B0-%D0%BF%D1%80%D0%B8%D0%BA%D0%BB%D1%8E%D1%87%D0%B5%D0%BD%D0%B8%D0%B9-%D0%9A%D0%BE%D0%BD%D0%BD%D0%B8-%D0%94%D0%B5%D1%82%D1%81%D0%BA%D0%B8%D0%B9-%D1%81%D0%B0%D0%B4.jpg,"67,00 zł","есть в наличии"
"Большая книга развития малыша 2-3 года",https://www.knizka.pl/environment/cache/images/500_500_productGfx_110011/%D0%91%D0%BE%D0%BB%D1%8C%D1%88%D0%B0%D1%8F-%D0%BA%D0%BD%D0%B8%D0%B3%D0%B0-%D1%80%D0%B0%D0%B7%D0%B2%D0%B8%D1%82%D0%B8%D1%8F-%D0%BC%D0%B0%D0%BB%D1%8B%D1%88%D0%B0-2-3-%D0%B3%D0%BE%D0%B4%D0%B0.jpg,"65,00 zł","книга под заказ"
